,74,206,100,181,233,62,109,82,33,282,263,107,235,267,317,63,18,196,137,119,170,297,22,12,53,308
318,77,4,286,125,281,62,175,280,153,265,166,204,237,105,223,95,44,216,121,179,324,99,87,23,71
318,136,43,100,161,38,139,21,263,164,284,235,211,180,14,25,2,327,93,243,207,279,104,266,45
131,43,182,100,167,160,157,166,146,205,66,84,224,95,41,86,284,201,58,142,3,214,76,266,308
126,271,150,166,222,84,123,105,203,33,300,186,154,52,242,210,321,171,317,327,138,254,228,94,45
68,106,299,309,328,167,0,166,191,59,19,11,35,159,52,75,234,78,180,331,259,91,228,23,266
126,303,77,174,43,181,163,272,237,203,67,85,216,211,6,230,46,121,325,99,283,22,140,104,333,266,96
131,92,163,205,26,105,159,236,145,187,260,267,317,176,177,285,15,208,327,3,138,28,20,57,45
37,306,43,291,181,198,215,268,157,66,59,118,203,85,158,244,278,145,311,285,90,93,140,168,76
318,271,220,128,111,306,165,257,209,184,79,29,202,101,284,103,249,267,46,14,137,232,93,320,57
162,229,318,49,182,160,175,195,265,188,113,236,284,201,103,36,25,90,294,70,140,20,252
98,316,165,152,238,298,268,42,109,82,59,217,300,278,24,201,75,46,2,142,285,65,225,168,326
277,206,4,97,328,150,298,268,312,19,11,134,186,158,101,244,24,164,75,102,261,46,179,137,90,55
277,98,133,206,292,328,38,150,0,163,312,184,67,159,202,120,304,169,75,78,6,137,213,156,248,197
286,97,309,132,1,258,144,42,163,270,200,112,204,224,107,240,211,172,325,127,283,276,12,83,55
286,165,141,1,328,61,268,280,21,112,205,26,29,202,158,56,192,75,102,179,91,310,83,334
98,190,299,182,141,17,238,146,108,84,217,282,202,164,210,321,267,317,329,250,65,232,93,279,173
74,165,299,43,182,1,175,280,265,245,7,262,27,107,234,183,18,40,91,142,135,310,207,13,54
229,98,141,195,42,109,290,124,204,60,75,267,317,46,143,176,2,213,81,28,156,207,279,334,94
50,147,133,92,106,299,307,96,152,315,273,223,199,201,169,235,212,285,327,3,9,138,266,45
227,330,190,206,287,32,256,315,222,203,282,159,305,89,278,80,240,249,176,2,293,9,140,115,94,71
277,74,5,275,206,64,181,1,221,42,166,159,47,60,322,304,107,80,235,211,185,196,151,34,129,334
5,74,147,233,62,298,280,31,10,191,108,84,282,305,314,242,234,185,69,179,329,110,88,96
116,274,4,68,287,43,125,281,62,221,215,148,16,319,85,89,247,44,234,296,331,176,2,151,81,301,251
246,92,313,286,97,295,161,218,205,204,122,255,172,230,69,51,142,285,3,81,279,241,333
220,128,43,100,264,150,302,61,0,48,205,7,236,154,199,41,278,180,323,208,73,276,333,83,13
313,30,97,299,150,61,245,82,7,194,188,269,86,117,284,8,103,235,180,91,70,231,333
5,303,274,165,141,1,175,298,153,59,282,95,322,80,8,72,149,114,90,129,87,241,248,334
277,74,174,287,332,307,141,219,298,0,10,95,89,158,314,247,117,253,283,239,39,231,207,197
74,50,106,198,209,218,273,148,158,101,164,234,187,6,177,127,15,3,81,39,207,279,155,301
178,246,74,318,92,330,4,193,144,61,268,280,16,226,189,289,236,72,34,283,87,83,104,96
287,332,219,302,0,130,82,113,89,60,236,86,164,6,323,142,73,283,288,243,239,173,155,94,